task_id,batch_time,samples_in_batch
batch_0_0,11.04683232307434,8
batch_0_1,11.046236276626587,8
batch_0_2,11.161787509918213,8
batch_0_3,10.884138822555542,8
batch_0_4,11.456042528152466,8
batch_0_5,11.122682332992554,8
batch_0_6,10.97072696685791,8
batch_0_7,11.030590295791626,8
batch_0_8,11.904771566390991,8
batch_0_9,11.932509899139404,8
batch_0_10,11.517480850219727,8
batch_0_11,12.059915781021118,8
batch_0_12,11.04978084564209,8
batch_0_13,11.75014066696167,8
batch_0_14,12.059664964675903,8
batch_0_15,11.691149473190308,8
batch_0_16,13.184844732284546,8
batch_0_17,11.218076944351196,8
batch_0_18,11.208591222763062,8
batch_0_19,11.665027856826782,8
batch_0_20,10.736293315887451,4
batch_1_0,10.939955711364746,8
batch_1_1,11.005066156387329,8
batch_1_2,11.06849980354309,8
batch_1_3,10.915523290634155,8
batch_1_4,11.411683797836304,8
batch_1_5,11.060373783111572,8
batch_1_6,10.959868907928467,8
batch_1_7,11.0165696144104,8
batch_1_8,11.90264368057251,8
batch_1_9,11.901423931121826,8
batch_1_10,11.504433393478394,8
batch_1_11,12.055331707000732,8
batch_1_12,11.139684200286865,8
batch_1_13,11.863078355789185,8
batch_1_14,12.069070816040039,8
batch_1_15,11.681553602218628,8
batch_1_16,13.179999589920044,8
batch_1_17,11.209477424621582,8
batch_1_18,11.203109741210938,8
batch_1_19,11.664593696594238,8
batch_1_20,10.744139194488525,4
batch_2_0,10.903079509735107,8
batch_2_1,10.91432809829712,8
batch_2_2,11.014713287353516,8
batch_2_3,10.867066144943237,8
batch_2_4,11.360993385314941,8
batch_2_5,10.9448401927948,8
batch_2_6,10.838526964187622,8
batch_2_7,10.87287425994873,8
batch_2_8,11.833790302276611,8
batch_2_9,11.817742347717285,8
batch_2_10,11.310918092727661,8
batch_2_11,11.993943214416504,8
batch_2_12,10.789583683013916,8
batch_2_13,11.624052286148071,8
batch_2_14,11.958609104156494,8
batch_2_15,11.453762292861938,8
batch_2_16,13.171504497528076,8
batch_2_17,10.913312911987305,8
batch_2_18,10.886070728302002,8
batch_2_19,11.481001138687134,8
batch_2_20,10.409871816635132,4
batch_3_0,10.586500406265259,8
batch_3_1,10.69306492805481,8
batch_3_2,10.7571382522583,8
batch_3_3,10.624991655349731,8
batch_3_4,11.17607307434082,8
batch_3_5,10.758007049560547,8
batch_3_6,10.661979913711548,8
batch_3_7,10.68589973449707,8
batch_3_8,11.75139570236206,8
batch_3_9,11.793336868286133,8
batch_3_10,11.262391328811646,8
batch_3_11,11.992289543151855,8
batch_3_12,10.7416353225708,8
batch_3_13,11.554227113723755,8
batch_3_14,11.942292213439941,8
batch_3_15,11.440820932388306,8
batch_3_16,13.17049765586853,8
batch_3_17,10.91373085975647,8
batch_3_18,10.94315242767334,8
batch_3_19,11.497665882110596,8
batch_3_20,10.444334030151367,4
batch_4_0,10.602180242538452,8
batch_4_1,10.662172794342041,8
batch_4_2,10.751470804214478,8
batch_4_3,10.60716700553894,8
batch_4_4,11.158921957015991,8
batch_4_5,10.748053312301636,8
batch_4_6,10.63373351097107,8
batch_4_7,10.674715518951416,8
batch_4_8,11.772560596466064,8
batch_4_9,11.783459424972534,8
batch_4_10,11.292544841766357,8
batch_4_11,11.949800252914429,8
batch_4_12,10.707586288452148,8
batch_4_13,11.567133903503418,8
batch_4_14,11.937528610229492,8
batch_4_15,11.453225135803223,8
batch_4_16,13.190696954727173,8
batch_4_17,10.893102169036865,8
batch_4_18,10.871559381484985,8
batch_4_19,11.46316385269165,8
batch_4_20,10.407681465148926,4
batch_5_0,10.551785707473755,8
batch_5_1,10.642425775527954,8
batch_5_2,10.743741750717163,8
batch_5_3,10.592859029769897,8
batch_5_4,11.178123474121094,8
batch_5_5,10.776703596115112,8
batch_5_6,10.649940490722656,8
batch_5_7,10.70433759689331,8
batch_5_8,11.77151083946228,8
batch_5_9,11.775763750076294,8
batch_5_10,11.259761571884155,8
batch_5_11,11.952295780181885,8
batch_5_12,10.738374948501587,8
batch_5_13,11.565623998641968,8
batch_5_14,11.942266702651978,8
batch_5_15,11.45474648475647,8
batch_5_16,13.199722290039062,8
batch_5_17,10.950463771820068,8
batch_5_18,10.903805255889893,8
batch_5_19,11.476681470870972,8
batch_5_20,10.401936769485474,4
batch_6_0,10.580992698669434,8
batch_6_1,10.670381546020508,8
batch_6_2,10.755649328231812,8
batch_6_3,10.726298093795776,8
batch_6_4,11.198015213012695,8
batch_6_5,10.78428053855896,8
batch_6_6,10.649003744125366,8
batch_6_7,10.699121713638306,8
batch_6_8,11.773941993713379,8
batch_6_9,11.797234058380127,8
batch_6_10,11.305972337722778,8
batch_6_11,11.978890419006348,8
batch_6_12,10.76321005821228,8
batch_6_13,11.585723161697388,8
batch_6_14,11.948281526565552,8
batch_6_15,11.478317975997925,8
batch_6_16,13.193002939224243,8
batch_6_17,10.970221042633057,8
batch_6_18,10.956175327301025,8
batch_6_19,11.466178894042969,8
batch_6_20,10.469622135162354,4
batch_7_0,10.599682331085205,8
batch_7_1,10.664859771728516,8
batch_7_2,10.760398387908936,8
batch_7_3,10.588592529296875,8
batch_7_4,11.200866222381592,8
batch_7_5,10.743426084518433,8
batch_7_6,10.639436483383179,8
batch_7_7,10.84789776802063,8
batch_7_8,11.770491123199463,8
batch_7_9,11.7699294090271,8
batch_7_10,11.297581434249878,8
batch_7_11,11.959100484848022,8
batch_7_12,10.795935153961182,8
batch_7_13,11.594834089279175,8
batch_7_14,11.948009014129639,8
batch_7_15,11.476136445999146,8
batch_7_16,13.194761991500854,8
batch_7_17,11.003171443939209,8
batch_7_18,11.089156150817871,8
batch_7_19,11.50321102142334,8
batch_7_20,10.562154531478882,4
batch_8_0,10.60498571395874,8
batch_8_1,10.679446935653687,8
batch_8_2,10.842849731445312,8
batch_8_3,10.695101499557495,8
batch_8_4,11.18864631652832,8
batch_8_5,10.794233798980713,8
batch_8_6,10.677025079727173,8
batch_8_7,10.707669496536255,8
batch_8_8,11.772979497909546,8
batch_8_9,11.79063606262207,8
batch_8_10,11.295349597930908,8
batch_8_11,11.964816331863403,8
batch_8_12,10.792913913726807,8
batch_8_13,11.584217071533203,8
batch_8_14,11.940956115722656,8
batch_8_15,11.464107990264893,8
batch_8_16,13.189608573913574,8
batch_8_17,10.939035177230835,8
batch_8_18,10.900053977966309,8
batch_8_19,11.490600109100342,8
batch_8_20,10.426904439926147,4
batch_9_0,10.581295728683472,8
batch_9_1,10.675416469573975,8
batch_9_2,10.792170286178589,8
batch_9_3,10.627306938171387,8
batch_9_4,11.196553230285645,8
batch_9_5,10.753883123397827,8
batch_9_6,10.664341926574707,8
batch_9_7,10.68713116645813,8
batch_9_8,11.778519868850708,8
batch_9_9,11.78019642829895,8
batch_9_10,11.261904001235962,8
batch_9_11,11.943755388259888,8
batch_9_12,10.74049973487854,8
batch_9_13,11.560367107391357,8
batch_9_14,11.93178391456604,8
batch_9_15,11.463247060775757,8
batch_9_16,13.192594051361084,8
batch_9_17,10.893265724182129,8
batch_9_18,10.8857901096344,8
batch_9_19,11.459433317184448,8
batch_9_20,10.486400127410889,4
batch_10_0,10.657530546188354,8
batch_10_1,10.709844827651978,8
batch_10_2,10.905620336532593,8
batch_10_3,10.659702777862549,8
batch_10_4,11.282081604003906,8
batch_10_5,10.874732971191406,8
batch_10_6,10.742553949356079,8
batch_10_7,10.78029179573059,8
batch_10_8,11.813706636428833,8
batch_10_9,11.842045307159424,8
batch_10_10,11.366899967193604,8
batch_10_11,11.960460424423218,8
batch_10_12,10.784301280975342,8
batch_10_13,11.638094663619995,8
batch_10_14,11.992666959762573,8
batch_10_15,11.477193593978882,8
batch_10_16,13.188853740692139,8
batch_10_17,10.9731924533844,8
batch_10_18,11.017452716827393,8
batch_10_19,11.374703884124756,8
batch_10_20,10.507980585098267,4
batch_11_0,10.61851692199707,8
batch_11_1,10.734585285186768,8
batch_11_2,10.918435335159302,8
batch_11_3,10.76211953163147,8
batch_11_4,11.095434188842773,8
batch_11_5,10.740219593048096,8
batch_11_6,10.655630826950073,8
batch_11_7,10.668079376220703,8
batch_11_8,11.548542261123657,8
batch_11_9,11.551710844039917,8
batch_11_10,11.191224336624146,8
batch_11_11,11.71470856666565,8
batch_11_12,10.758712530136108,8
batch_11_13,11.413440227508545,8
batch_11_14,11.703406572341919,8
batch_11_15,11.32992172241211,8
batch_11_16,12.79343843460083,8
batch_11_17,10.936367988586426,8
batch_11_18,10.903078079223633,8
batch_11_19,11.33835482597351,8
batch_11_20,10.42842411994934,4
batch_12_0,10.59272289276123,8
batch_12_1,10.664412498474121,8
batch_12_2,10.756566524505615,8
batch_12_3,10.616210222244263,8
batch_12_4,11.111068725585938,8
batch_12_5,10.782098770141602,8
batch_12_6,10.664913654327393,8
batch_12_7,10.694828271865845,8
batch_12_8,11.568896055221558,8
batch_12_9,11.580817937850952,8
batch_12_10,11.188136339187622,8
batch_12_11,11.716090440750122,8
batch_12_12,10.734862565994263,8
batch_12_13,11.415489673614502,8
batch_12_14,11.707570314407349,8
batch_12_15,11.334391832351685,8
batch_12_16,12.79349160194397,8
batch_12_17,10.900410413742065,8
batch_12_18,10.889109373092651,8
batch_12_19,11.31872820854187,8
batch_12_20,10.347391128540039,4
batch_13_0,10.501400232315063,8
batch_13_1,10.516704082489014,8
batch_13_2,10.577540159225464,8
batch_13_3,10.431864261627197,8
batch_13_4,10.9514799118042,8
batch_13_5,10.589885950088501,8
batch_13_6,10.49352741241455,8
batch_13_7,10.5203275680542,8
batch_13_8,11.479300737380981,8
batch_13_9,11.489200830459595,8
batch_13_10,11.044907569885254,8
batch_13_11,11.643896102905273,8
batch_13_12,10.610028266906738,8
batch_13_13,11.329578399658203,8
batch_13_14,11.649957656860352,8
batch_13_15,11.207647562026978,8
batch_13_16,12.796348571777344,8
batch_13_17,10.84392237663269,8
batch_13_18,10.771399021148682,8
batch_13_19,11.235110998153687,8
batch_13_20,10.294584035873413,4
batch_14_0,10.427470445632935,8
batch_14_1,10.537688732147217,8
batch_14_2,10.622204542160034,8
batch_14_3,10.431528329849243,8
batch_14_4,10.975212335586548,8
batch_14_5,10.607419729232788,8
batch_14_6,10.465197563171387,8
batch_14_7,10.547744512557983,8
batch_14_8,11.481600999832153,8
batch_14_9,11.504477500915527,8
batch_14_10,11.082324504852295,8
batch_14_11,11.665668964385986,8
batch_14_12,10.61534309387207,8
batch_14_13,11.33867621421814,8
batch_14_14,11.645483255386353,8
batch_14_15,11.247258186340332,8
batch_14_16,12.789963960647583,8
batch_14_17,10.784529209136963,8
batch_14_18,10.773456811904907,8
batch_14_19,11.258597612380981,8
batch_14_20,10.304151773452759,4
batch_15_0,10.39713740348816,8
batch_15_1,10.528971672058105,8
batch_15_2,10.538199186325073,8
batch_15_3,10.398683786392212,8
batch_15_4,10.945998907089233,8
batch_15_5,10.619940757751465,8
batch_15_6,10.484206438064575,8
batch_15_7,10.501359939575195,8
batch_15_8,11.480481147766113,8
batch_15_9,11.484755516052246,8
batch_15_10,11.049128770828247,8
batch_15_11,11.645938158035278,8
batch_15_12,10.556593656539917,8
batch_15_13,11.330780267715454,8
batch_15_14,11.608678579330444,8
batch_15_15,11.261944770812988,8
batch_15_16,12.795196294784546,8
batch_15_17,10.836007356643677,8
batch_15_18,10.725584745407104,8
batch_15_19,11.20909833908081,8
batch_15_20,10.241548299789429,4
batch_16_0,10.419048547744751,8
batch_16_1,10.49092411994934,8
batch_16_2,10.658892631530762,8
batch_16_3,10.417875289916992,8
batch_16_4,10.943446397781372,8
batch_16_5,10.577924013137817,8
batch_16_6,10.531982898712158,8
batch_16_7,10.507245779037476,8
batch_16_8,11.48140835762024,8
batch_16_9,11.536025762557983,8
batch_16_10,11.0398850440979,8
batch_16_11,11.647363901138306,8
batch_16_12,10.619548082351685,8
batch_16_13,11.384766101837158,8
batch_16_14,11.68531608581543,8
batch_16_15,11.285586595535278,8
batch_16_16,12.794957876205444,8
batch_16_17,10.795612096786499,8
batch_16_18,10.760815858840942,8
batch_16_19,11.257393836975098,8
batch_16_20,10.270277500152588,4
batch_17_0,10.413815021514893,8
batch_17_1,10.482710361480713,8
batch_17_2,10.587986469268799,8
batch_17_3,10.420208930969238,8
batch_17_4,10.992362260818481,8
batch_17_5,10.5819411277771,8
batch_17_6,10.467164278030396,8
batch_17_7,10.492107391357422,8
batch_17_8,11.486278057098389,8
batch_17_9,11.468278408050537,8
batch_17_10,11.044974327087402,8
batch_17_11,11.630056381225586,8
batch_17_12,10.5903480052948,8
batch_17_13,11.306619644165039,8
batch_17_14,11.628469705581665,8
batch_17_15,11.26161527633667,8
batch_17_16,12.795061111450195,8
batch_17_17,10.743591070175171,8
batch_17_18,10.730459690093994,8
batch_17_19,11.211572647094727,8
batch_17_20,10.219441175460815,4
batch_18_0,10.369704246520996,8
batch_18_1,10.465722799301147,8
batch_18_2,10.54237413406372,8
batch_18_3,10.65828013420105,8
batch_18_4,11.021652221679688,8
batch_18_5,10.610243558883667,8
batch_18_6,10.436992168426514,8
batch_18_7,10.494894742965698,8
batch_18_8,11.48141360282898,8
batch_18_9,11.471577405929565,8
batch_18_10,11.040308952331543,8
batch_18_11,11.646791458129883,8
batch_18_12,10.554052114486694,8
batch_18_13,11.3300940990448,8
batch_18_14,11.660873413085938,8
batch_18_15,11.263469457626343,8
batch_18_16,12.78560757637024,8
batch_18_17,10.753430604934692,8
batch_18_18,10.772895336151123,8
batch_18_19,11.238592624664307,8
batch_18_20,10.251097440719604,4
batch_19_0,10.365503549575806,8
batch_19_1,10.463605880737305,8
batch_19_2,10.573904752731323,8
batch_19_3,10.446265697479248,8
batch_19_4,10.947604417800903,8
batch_19_5,10.675948143005371,8
batch_19_6,10.51843786239624,8
batch_19_7,10.54672622680664,8
batch_19_8,11.531379222869873,8
batch_19_9,11.50090479850769,8
batch_19_10,11.193319082260132,8
batch_19_11,11.709177255630493,8
batch_19_12,10.573868989944458,8
batch_19_13,11.378830194473267,8
batch_19_14,11.677409172058105,8
batch_19_15,11.202130317687988,8
batch_19_16,12.795108795166016,8
batch_19_17,10.731748104095459,8
batch_19_18,10.748488426208496,8
batch_19_19,11.210239171981812,8
batch_19_20,10.260932683944702,4
batch_20_0,10.391201734542847,8
batch_20_1,10.466053009033203,8
batch_20_2,10.544809579849243,8
batch_20_3,10.399275779724121,8
batch_20_4,10.912892818450928,8
batch_20_5,10.532664775848389,8
batch_20_6,10.42240309715271,8
batch_20_7,10.529276847839355,8
batch_20_8,11.49123215675354,8
batch_20_9,11.483056545257568,8
batch_20_10,11.05462121963501,8
batch_20_11,11.649520635604858,8
batch_20_12,10.550634622573853,8
batch_20_13,11.311315774917603,8
batch_20_14,11.629514455795288,8
batch_20_15,11.212396144866943,8
batch_20_16,12.787893295288086,8
batch_20_17,10.727058410644531,8
batch_20_18,10.720256567001343,8
batch_20_19,11.213235139846802,8
batch_20_20,10.249408960342407,4
batch_21_0,10.390656232833862,8
batch_21_1,10.473389387130737,8
batch_21_2,10.551769256591797,8
batch_21_3,10.419720649719238,8
batch_21_4,10.939455509185791,8
batch_21_5,10.567972421646118,8
batch_21_6,10.458862781524658,8
batch_21_7,10.50716757774353,8
batch_21_8,11.476515293121338,8
batch_21_9,11.480993270874023,8
batch_21_10,11.04568600654602,8
batch_21_11,11.64172887802124,8
batch_21_12,10.594393968582153,8
batch_21_13,11.326006174087524,8
batch_21_14,11.652069807052612,8
batch_21_15,11.186776638031006,8
batch_21_16,12.79153299331665,8
batch_21_17,10.701951742172241,8
batch_21_18,10.708647727966309,8
batch_21_19,11.206029415130615,8
batch_21_20,10.200927972793579,4
batch_22_0,10.386154890060425,8
batch_22_1,10.459758996963501,8
batch_22_2,10.561273574829102,8
batch_22_3,10.412642478942871,8
batch_22_4,11.002142667770386,8
batch_22_5,10.56642484664917,8
batch_22_6,10.437227964401245,8
batch_22_7,10.49715518951416,8
batch_22_8,11.461379289627075,8
batch_22_9,11.464975833892822,8
batch_22_10,11.032428979873657,8
batch_22_11,11.638375759124756,8
batch_22_12,10.580514907836914,8
batch_22_13,11.27639102935791,8
batch_22_14,11.613497495651245,8
batch_22_15,11.198359966278076,8
batch_22_16,12.788118600845337,8
batch_22_17,10.70839262008667,8
batch_22_18,10.670909881591797,8
batch_22_19,11.196730613708496,8
batch_22_20,10.240195274353027,4
batch_23_0,10.360192060470581,8
batch_23_1,10.454064846038818,8
batch_23_2,10.553452730178833,8
batch_23_3,10.412809371948242,8
batch_23_4,10.935346364974976,8
batch_23_5,10.591282367706299,8
batch_23_6,10.464266538619995,8
batch_23_7,10.559535026550293,8
batch_23_8,11.486056566238403,8
batch_23_9,11.499805212020874,8
batch_23_10,11.061326742172241,8
batch_23_11,11.649819612503052,8
batch_23_12,10.606406211853027,8
batch_23_13,11.32831072807312,8
batch_23_14,11.64493441581726,8
batch_23_15,11.231174230575562,8
batch_23_16,12.789535999298096,8
batch_23_17,10.727455854415894,8
batch_23_18,10.741246461868286,8
batch_23_19,11.23781967163086,8
batch_23_20,10.290993690490723,4
batch_24_0,10.447595119476318,8
batch_24_1,10.520693302154541,8
batch_24_2,10.62142014503479,8
batch_24_3,10.482402086257935,8
batch_24_4,10.915975570678711,8
batch_24_5,10.55714726448059,8
batch_24_6,10.424456357955933,8
batch_24_7,10.464318752288818,8
batch_24_8,11.460033416748047,8
batch_24_9,11.47511339187622,8
batch_24_10,11.024582147598267,8
batch_24_11,11.623447179794312,8
batch_24_12,10.552972793579102,8
batch_24_13,11.299687147140503,8
batch_24_14,11.63140058517456,8
batch_24_15,11.201504468917847,8
batch_24_16,12.786356687545776,8
batch_24_17,10.737316608428955,8
batch_24_18,10.695398807525635,8
batch_24_19,11.255666494369507,8
batch_24_20,10.242068767547607,4
batch_25_0,10.373231172561646,8
batch_25_1,10.47631025314331,8
batch_25_2,10.566370487213135,8
batch_25_3,10.39132809638977,8
batch_25_4,10.932779550552368,8
batch_25_5,10.543814420700073,8
batch_25_6,10.414778232574463,8
batch_25_7,10.448168992996216,8
batch_25_8,11.44589376449585,8
batch_25_9,11.48449158668518,8
batch_25_10,11.03428316116333,8
batch_25_11,11.630336046218872,8
batch_25_12,10.54727816581726,8
batch_25_13,11.289226293563843,8
batch_25_14,11.644026279449463,8
batch_25_15,11.208852052688599,8
batch_25_16,12.791361808776855,8
batch_25_17,10.684841394424438,8
batch_25_18,10.75620412826538,8
batch_25_19,11.233017206192017,8
batch_25_20,10.21244215965271,4
batch_26_0,10.373988389968872,8
batch_26_1,10.457727432250977,8
batch_26_2,10.558363437652588,8
batch_26_3,10.475669860839844,8
batch_26_4,10.915967464447021,8
batch_26_5,10.546007871627808,8
batch_26_6,10.407852411270142,8
batch_26_7,10.50261664390564,8
batch_26_8,11.460149765014648,8
batch_26_9,11.469592809677124,8
batch_26_10,11.049432277679443,8
batch_26_11,11.643290996551514,8
batch_26_12,10.545126914978027,8
batch_26_13,11.303858518600464,8
batch_26_14,11.627468585968018,8
batch_26_15,11.308207988739014,8
batch_26_16,12.78685998916626,8
batch_26_17,10.725530624389648,8
batch_26_18,10.73931622505188,8
batch_26_19,11.215813159942627,8
batch_26_20,10.260562896728516,4
batch_27_0,10.408558130264282,8
batch_27_1,10.481695175170898,8
batch_27_2,10.554080247879028,8
batch_27_3,10.417510032653809,8
batch_27_4,10.920857906341553,8
batch_27_5,10.562631368637085,8
batch_27_6,10.448006629943848,8
batch_27_7,10.523853540420532,8
batch_27_8,11.4588463306427,8
batch_27_9,11.46707272529602,8
batch_27_10,11.042287826538086,8
batch_27_11,11.635783433914185,8
batch_27_12,10.516319751739502,8
batch_27_13,11.29236626625061,8
batch_27_14,11.621158599853516,8
batch_27_15,11.218093395233154,8
batch_27_16,12.794341564178467,8
batch_27_17,10.744886875152588,8
batch_27_18,10.701117038726807,8
batch_27_19,11.244727849960327,8
batch_27_20,10.26688551902771,4
batch_28_0,10.427757024765015,8
batch_28_1,10.849010944366455,8
batch_28_2,10.790586233139038,8
batch_28_3,10.486332178115845,8
batch_28_4,10.951416254043579,8
batch_28_5,10.549999713897705,8
batch_28_6,10.480365753173828,8
batch_28_7,10.501238822937012,8
batch_28_8,11.481300354003906,8
batch_28_9,11.49635624885559,8
batch_28_10,11.035933256149292,8
batch_28_11,11.641977310180664,8
batch_28_12,10.532878160476685,8
batch_28_13,11.303052425384521,8
batch_28_14,11.661038160324097,8
batch_28_15,11.219579458236694,8
batch_28_16,12.792156457901001,8
batch_28_17,10.829339265823364,8
batch_28_18,10.746447324752808,8
batch_28_19,11.234959363937378,8
batch_28_20,10.246618747711182,4
batch_29_0,10.382039546966553,8
batch_29_1,10.474544286727905,8
batch_29_2,10.629679203033447,8
batch_29_3,10.397213459014893,8
batch_29_4,10.99184536933899,8
batch_29_5,10.579264879226685,8
batch_29_6,10.471738576889038,8
batch_29_7,10.510952234268188,8
batch_29_8,11.510008573532104,8
batch_29_9,11.484082460403442,8
batch_29_10,11.049235105514526,8
batch_29_11,11.651648044586182,8
batch_29_12,10.563590049743652,8
batch_29_13,11.310056686401367,8
batch_29_14,11.63565969467163,8
batch_29_15,11.219359874725342,8
batch_29_16,12.791621685028076,8
batch_29_17,10.740350484848022,8
batch_29_18,10.722874402999878,8
batch_29_19,11.21680998802185,8
batch_29_20,10.234265565872192,4
batch_30_0,10.378950834274292,8
batch_30_1,10.45055103302002,8
batch_30_2,10.6159188747406,8
batch_30_3,10.390334367752075,8
batch_30_4,10.936471939086914,8
batch_30_5,10.544902324676514,8
batch_30_6,10.436225891113281,8
batch_30_7,10.49543833732605,8
batch_30_8,11.465288639068604,8
batch_30_9,11.457512140274048,8
batch_30_10,11.022014617919922,8
batch_30_11,11.635678052902222,8
batch_30_12,10.53984022140503,8
batch_30_13,11.306135654449463,8
batch_30_14,11.623693466186523,8
batch_30_15,11.205157041549683,8
batch_30_16,12.784315824508667,8
batch_30_17,10.746824741363525,8
batch_30_18,10.715179204940796,8
batch_30_19,11.219464778900146,8
batch_30_20,10.251593112945557,4
batch_31_0,10.405423402786255,8
batch_31_1,10.483852863311768,8
batch_31_2,10.561127662658691,8
batch_31_3,10.414798974990845,8
batch_31_4,10.944347143173218,8
batch_31_5,10.552925825119019,8
batch_31_6,10.480472326278687,8
batch_31_7,10.50556755065918,8
batch_31_8,11.470571756362915,8
batch_31_9,11.536881685256958,8
batch_31_10,11.135780096054077,8
batch_31_11,11.643413305282593,8
batch_31_12,10.60412049293518,8
batch_31_13,11.287875175476074,8
batch_31_14,11.614729404449463,8
batch_31_15,11.179483890533447,8
batch_31_16,12.785027742385864,8
batch_31_17,10.70547866821289,8
batch_31_18,10.679455041885376,8
batch_31_19,11.188659191131592,8
batch_31_20,10.216897964477539,4
batch_32_0,10.363214015960693,8
batch_32_1,10.460189819335938,8
batch_32_2,10.533965349197388,8
batch_32_3,10.388940334320068,8
batch_32_4,10.915140628814697,8
batch_32_5,10.53526258468628,8
batch_32_6,10.428959369659424,8
batch_32_7,10.485107421875,8
batch_32_8,11.469213962554932,8
batch_32_9,11.483953475952148,8
batch_32_10,11.074204444885254,8
batch_32_11,11.629130601882935,8
batch_32_12,10.61221432685852,8
batch_32_13,11.292015314102173,8
batch_32_14,11.645707607269287,8
batch_32_15,11.182329893112183,8
batch_32_16,12.795207023620605,8
batch_32_17,10.75644302368164,8
batch_32_18,10.755210161209106,8
batch_32_19,11.207050561904907,8
batch_32_20,10.200908422470093,4
batch_33_0,10.366526126861572,8
batch_33_1,10.456206560134888,8
batch_33_2,10.573604822158813,8
batch_33_3,10.41368055343628,8
batch_33_4,10.947898864746094,8
batch_33_5,10.572100639343262,8
batch_33_6,10.464568138122559,8
batch_33_7,10.530603885650635,8
batch_33_8,11.469399452209473,8
batch_33_9,11.477458000183105,8
batch_33_10,11.05670952796936,8
batch_33_11,11.634657144546509,8
batch_33_12,10.607007265090942,8
batch_33_13,11.347245454788208,8
batch_33_14,11.64818811416626,8
batch_33_15,11.248001098632812,8
batch_33_16,12.79798674583435,8
batch_33_17,10.781438827514648,8
batch_33_18,10.741269826889038,8
batch_33_19,11.227123498916626,8
batch_33_20,10.207228899002075,4
batch_34_0,10.436567306518555,8
batch_34_1,10.522081851959229,8
batch_34_2,10.540653228759766,8
batch_34_3,10.442206621170044,8
batch_34_4,10.927467823028564,8
batch_34_5,10.545069932937622,8
batch_34_6,10.427318334579468,8
batch_34_7,10.462863445281982,8
batch_34_8,11.465837717056274,8
batch_34_9,11.457542181015015,8
batch_34_10,11.025299549102783,8
batch_34_11,11.666265487670898,8
batch_34_12,10.554902791976929,8
batch_34_13,11.272806644439697,8
batch_34_14,11.650719404220581,8
batch_34_15,11.206255912780762,8
batch_34_16,12.794845581054688,8
batch_34_17,10.714120626449585,8
batch_34_18,10.697449684143066,8
batch_34_19,11.23609471321106,8
batch_34_20,10.339142799377441,4
batch_35_0,10.483731508255005,8
batch_35_1,10.566962480545044,8
batch_35_2,10.659753322601318,8
batch_35_3,10.498916625976562,8
batch_35_4,11.009150981903076,8
batch_35_5,10.638307809829712,8
batch_35_6,10.53663158416748,8
batch_35_7,10.576426029205322,8
batch_35_8,11.513925313949585,8
batch_35_9,11.516128540039062,8
batch_35_10,11.092416524887085,8
batch_35_11,11.663577556610107,8
batch_35_12,10.610653400421143,8
batch_35_13,11.342230796813965,8
batch_35_14,11.657293319702148,8
batch_35_15,11.248530387878418,8
batch_35_16,12.798569679260254,8
batch_35_17,10.77267336845398,8
batch_35_18,10.725169897079468,8
batch_35_19,11.180695533752441,8
batch_35_20,10.186773777008057,4
batch_36_0,10.35392951965332,8
batch_36_1,10.594955921173096,8
batch_36_2,10.519420862197876,8
batch_36_3,10.339563131332397,8
batch_36_4,10.889918565750122,8
batch_36_5,10.525641918182373,8
batch_36_6,10.409672498703003,8
batch_36_7,10.46285080909729,8
batch_36_8,11.455488920211792,8
batch_36_9,11.484736204147339,8
batch_36_10,11.058075904846191,8
batch_36_11,11.653318881988525,8
batch_36_12,10.56710958480835,8
batch_36_13,11.321664094924927,8
batch_36_14,11.608453512191772,8
batch_36_15,11.213606834411621,8
batch_36_16,12.79849362373352,8
batch_36_17,10.738431930541992,8
batch_36_18,10.679348707199097,8
batch_36_19,11.176408052444458,8
batch_36_20,10.167909860610962,4
batch_37_0,10.450267791748047,8
batch_37_1,10.420455932617188,8
batch_37_2,10.512555837631226,8
batch_37_3,10.37942886352539,8
batch_37_4,10.888236284255981,8
batch_37_5,10.514424085617065,8
batch_37_6,10.402066946029663,8
batch_37_7,10.480392694473267,8
batch_37_8,11.461774110794067,8
batch_37_9,11.443718910217285,8
batch_37_10,11.0051748752594,8
batch_37_11,11.615966796875,8
batch_37_12,10.524129152297974,8
batch_37_13,11.299179792404175,8
batch_37_14,11.605649948120117,8
batch_37_15,11.177770376205444,8
batch_37_16,12.799810647964478,8
batch_37_17,10.676135540008545,8
batch_37_18,10.660667896270752,8
batch_37_19,11.190743207931519,8
batch_37_20,10.202191352844238,4
batch_38_0,10.331488132476807,8
batch_38_1,10.420534610748291,8
batch_38_2,10.506253242492676,8
batch_38_3,10.405442714691162,8
batch_38_4,10.981348276138306,8
batch_38_5,10.59064507484436,8
batch_38_6,10.426733493804932,8
batch_38_7,10.4647958278656,8
batch_38_8,11.453882455825806,8
batch_38_9,11.471660614013672,8
batch_38_10,11.017217636108398,8
batch_38_11,11.61686396598816,8
batch_38_12,10.515044689178467,8
batch_38_13,11.286100625991821,8
batch_38_14,11.607588768005371,8
batch_38_15,11.182220220565796,8
batch_38_16,12.792034387588501,8
batch_38_17,10.677667379379272,8
batch_38_18,10.638874769210815,8
batch_38_19,11.180172204971313,8
batch_38_20,10.204927206039429,4
batch_39_0,10.338353633880615,8
batch_39_1,10.395561695098877,8
batch_39_2,10.488308668136597,8
batch_39_3,10.337387561798096,8
batch_39_4,10.872234344482422,8
batch_39_5,10.4945650100708,8
batch_39_6,10.401120662689209,8
batch_39_7,10.430486679077148,8
batch_39_8,11.438528060913086,8
batch_39_9,11.443320035934448,8
batch_39_10,10.989764213562012,8
batch_39_11,11.613144636154175,8
batch_39_12,10.472486972808838,8
batch_39_13,11.259445428848267,8
batch_39_14,11.604464292526245,8
batch_39_15,11.173733711242676,8
batch_39_16,12.794860124588013,8
batch_39_17,10.636934518814087,8
batch_39_18,10.649718284606934,8
batch_39_19,11.18956971168518,8
batch_39_20,10.19934868812561,4
batch_40_0,10.337774276733398,8
batch_40_1,10.419484615325928,8
batch_40_2,10.486568450927734,8
batch_40_3,10.432125091552734,8
batch_40_4,10.91230583190918,8
batch_40_5,10.545154809951782,8
batch_40_6,10.502847671508789,8
batch_40_7,10.453155755996704,8
batch_40_8,11.452195644378662,8
batch_40_9,11.472285032272339,8
batch_40_10,11.001415491104126,8
batch_40_11,11.654839038848877,8
batch_40_12,10.500773429870605,8
batch_40_13,11.271070957183838,8
batch_40_14,11.612714290618896,8
batch_40_15,11.167724132537842,8
batch_40_16,12.796803712844849,8
batch_40_17,10.67575192451477,8
batch_40_18,10.668331861495972,8
batch_40_19,11.186587810516357,8
batch_40_20,10.181564331054688,4
batch_41_0,10.368680715560913,8
batch_41_1,10.449132204055786,8
batch_41_2,10.504488706588745,8
batch_41_3,10.387974739074707,8
batch_41_4,10.891712427139282,8
batch_41_5,10.516042232513428,8
batch_41_6,10.405460834503174,8
batch_41_7,10.44285535812378,8
batch_41_8,11.461255073547363,8
batch_41_9,11.448735475540161,8
batch_41_10,10.986411094665527,8
batch_41_11,11.755563259124756,8
batch_41_12,10.54726529121399,8
batch_41_13,11.33063793182373,8
batch_41_14,11.62941598892212,8
batch_41_15,11.203618049621582,8
batch_41_16,12.796718835830688,8
batch_41_17,10.739577770233154,8
batch_41_18,10.724960327148438,8
batch_41_19,11.225362300872803,8
batch_41_20,10.25987696647644,4
batch_42_0,10.34179949760437,8
batch_42_1,10.41242003440857,8
batch_42_2,10.520205020904541,8
batch_42_3,10.386390686035156,8
batch_42_4,11.009894132614136,8
batch_42_5,10.512256860733032,8
batch_42_6,10.419049739837646,8
batch_42_7,10.489763975143433,8
batch_42_8,11.457751750946045,8
batch_42_9,11.489480257034302,8
batch_42_10,11.056347370147705,8
batch_42_11,11.648850917816162,8
batch_42_12,10.607907056808472,8
batch_42_13,11.29267144203186,8
batch_42_14,11.627176523208618,8
batch_42_15,11.196944952011108,8
batch_42_16,12.790838479995728,8
batch_42_17,10.711596965789795,8
batch_42_18,10.785579442977905,8
batch_42_19,11.224197149276733,8
batch_42_20,10.229782819747925,4
batch_43_0,10.433089017868042,8
batch_43_1,10.505436897277832,8
batch_43_2,10.565319538116455,8
batch_43_3,10.590256452560425,8
batch_43_4,11.081001996994019,8
batch_43_5,10.538232564926147,8
batch_43_6,10.438920259475708,8
batch_43_7,10.461743354797363,8
batch_43_8,11.468690872192383,8
batch_43_9,11.495975017547607,8
batch_43_10,11.121631860733032,8
batch_43_11,11.668970108032227,8
batch_43_12,10.548161506652832,8
batch_43_13,11.44142746925354,8
batch_43_14,11.6360023021698,8
batch_43_15,11.227589130401611,8
batch_43_16,12.795543432235718,8
batch_43_17,10.745519638061523,8
batch_43_18,10.72037672996521,8
batch_43_19,11.243142366409302,8
batch_43_20,10.262720346450806,4
batch_44_0,10.430065870285034,8
batch_44_1,10.538539171218872,8
batch_44_2,10.567673206329346,8
batch_44_3,10.440469026565552,8
batch_44_4,10.941711902618408,8
batch_44_5,10.605517387390137,8
batch_44_6,10.515075922012329,8
batch_44_7,10.599008560180664,8
batch_44_8,11.493173837661743,8
batch_44_9,11.497365951538086,8
batch_44_10,11.111855030059814,8
batch_44_11,11.675399780273438,8
batch_44_12,10.58564305305481,8
batch_44_13,11.341655969619751,8
batch_44_14,11.655908346176147,8
batch_44_15,11.23358154296875,8
batch_44_16,12.78894853591919,8
batch_44_17,10.791473388671875,8
batch_44_18,10.708507061004639,8
batch_44_19,11.251415014266968,8
batch_44_20,10.351008892059326,4
batch_45_0,10.515554666519165,8
batch_45_1,10.594040155410767,8
batch_45_2,10.672146320343018,8
batch_45_3,10.534685611724854,8
batch_45_4,11.041407585144043,8
batch_45_5,10.666149854660034,8
batch_45_6,10.563324213027954,8
batch_45_7,10.505144119262695,8
batch_45_8,11.46024751663208,8
batch_45_9,11.495131015777588,8
batch_45_10,11.034764528274536,8
batch_45_11,11.643572807312012,8
batch_45_12,10.513879299163818,8
batch_45_13,11.309370279312134,8
batch_45_14,11.658854961395264,8
batch_45_15,11.217076539993286,8
batch_45_16,12.796157121658325,8
batch_45_17,10.704209327697754,8
batch_45_18,10.66524362564087,8
batch_45_19,11.224118709564209,8
batch_45_20,10.287716388702393,4
batch_46_0,10.435387134552002,8
batch_46_1,10.533743619918823,8
batch_46_2,10.562090158462524,8
batch_46_3,10.499457359313965,8
batch_46_4,11.064230680465698,8
batch_46_5,10.63364577293396,8
batch_46_6,10.533132314682007,8
batch_46_7,10.571701526641846,8
batch_46_8,11.507530927658081,8
batch_46_9,11.522299528121948,8
batch_46_10,11.104861974716187,8
batch_46_11,11.628824472427368,8
batch_46_12,10.59243655204773,8
batch_46_13,11.307188510894775,8
batch_46_14,11.66780948638916,8
batch_46_15,11.26636815071106,8
batch_46_16,12.791309595108032,8
batch_46_17,10.810116529464722,8
batch_46_18,10.78217601776123,8
batch_46_19,11.207571268081665,8
batch_46_20,10.33639121055603,4
batch_47_0,10.463835954666138,8
batch_47_1,10.55647611618042,8
batch_47_2,10.636245012283325,8
batch_47_3,10.489556312561035,8
batch_47_4,11.007047176361084,8
batch_47_5,10.646393060684204,8
batch_47_6,10.494249820709229,8
batch_47_7,10.572925090789795,8
batch_47_8,11.519150972366333,8
batch_47_9,11.517845392227173,8
batch_47_10,11.099028587341309,8
batch_47_11,11.67913556098938,8
batch_47_12,10.587843656539917,8
batch_47_13,11.345282554626465,8
batch_47_14,11.662253379821777,8
batch_47_15,11.220170736312866,8
batch_47_16,12.798791408538818,8
batch_47_17,10.721110582351685,8
batch_47_18,10.733588933944702,8
batch_47_19,11.211022138595581,8
batch_47_20,10.264335870742798,4
batch_48_0,10.408104181289673,8
batch_48_1,10.479011297225952,8
batch_48_2,10.566247463226318,8
batch_48_3,10.40591812133789,8
batch_48_4,10.93138337135315,8
batch_48_5,10.570083379745483,8
batch_48_6,10.44633173942566,8
batch_48_7,10.488877296447754,8
batch_48_8,11.638197898864746,8
batch_48_9,11.510587930679321,8
batch_48_10,11.045140504837036,8
batch_48_11,11.634477138519287,8
batch_48_12,10.70954704284668,8
batch_48_13,13.14843225479126,8
batch_48_14,12.87405800819397,8
batch_48_15,12.832387924194336,8
batch_48_16,13.623268127441406,8
batch_48_17,12.787757158279419,8
batch_48_18,11.5451500415802,8
batch_48_19,13.073809146881104,8
batch_48_20,11.799244165420532,4
batch_49_0,12.31040096282959,8
batch_49_1,11.976730823516846,8
batch_49_2,12.606709003448486,8
batch_49_3,11.373442888259888,8
batch_49_4,12.903466701507568,8
batch_49_5,11.53697156906128,8
batch_49_6,12.525960683822632,8
batch_49_7,11.94530177116394,8
batch_49_8,13.166487693786621,8
batch_49_9,12.835171222686768,8
batch_49_10,12.979035377502441,8
batch_49_11,13.04463005065918,8
batch_49_12,11.84275507926941,8
batch_49_13,12.981348276138306,8
batch_49_14,12.794853925704956,8
batch_49_15,12.774487257003784,8
batch_49_16,13.477861166000366,8
batch_49_17,11.874636888504028,8
batch_49_18,12.537977695465088,8
batch_49_19,12.359484672546387,8
batch_49_20,12.137542247772217,4
batch_50_0,11.824202299118042,8
batch_50_1,12.398650646209717,8
batch_50_2,12.398704051971436,8
batch_50_3,12.379130125045776,8
batch_50_4,11.932668447494507,8
batch_50_5,12.559331893920898,8
batch_50_6,11.569251775741577,8
batch_50_7,12.450028896331787,8
batch_50_8,12.865428447723389,8
batch_50_9,12.988014698028564,8
batch_50_10,13.035406827926636,8
batch_50_11,12.172091484069824,8
batch_50_12,12.747483730316162,8
batch_50_13,12.362851858139038,8
batch_50_14,13.073020935058594,8
batch_50_15,12.55251145362854,8
batch_50_16,13.533817768096924,8
batch_50_17,12.601216077804565,8
batch_50_18,11.912204027175903,8
batch_50_19,12.830782413482666,8
batch_50_20,11.521369695663452,4
batch_51_0,12.277440071105957,8
batch_51_1,12.174108028411865,8
batch_51_2,12.424865007400513,8
batch_51_3,11.541215896606445,8
batch_51_4,12.9219491481781,8
batch_51_5,11.959811449050903,8
batch_51_6,12.425753355026245,8
batch_51_7,11.685900688171387,8
batch_51_8,13.094953536987305,8
batch_51_9,13.952361822128296,8
batch_51_10,11.964311599731445,8
batch_51_11,13.1653413772583,8
batch_51_12,11.730591773986816,8
batch_51_13,12.987292051315308,8
batch_51_14,12.71141242980957,8
batch_51_15,12.928281784057617,8
batch_51_16,13.249577522277832,8
batch_51_17,12.029072761535645,8
batch_51_18,12.35357928276062,8
batch_51_19,12.565222263336182,8
batch_51_20,11.824703693389893,4
batch_52_0,12.210515260696411,8
batch_52_1,11.949763536453247,8
batch_52_2,12.38063383102417,8
batch_52_3,12.035780906677246,8
batch_52_4,12.68979263305664,8
batch_52_5,12.043615341186523,8
batch_52_6,12.102542400360107,8
batch_52_7,12.10267972946167,8
batch_52_8,12.798848152160645,8
batch_52_9,12.91574478149414,8
batch_52_10,12.851219415664673,8
batch_52_11,12.268394470214844,8
batch_52_12,12.43060827255249,8
batch_52_13,11.986772060394287,8
batch_52_14,13.01604151725769,8
batch_52_15,12.224040508270264,8
batch_52_16,13.449683904647827,8
batch_52_17,11.500318765640259,8
batch_52_18,12.68485975265503,8
batch_52_19,12.327617168426514,8
batch_52_20,12.342873334884644,4
batch_53_0,11.247638463973999,8
batch_53_1,12.550642967224121,8
batch_53_2,11.862487316131592,8
batch_53_3,12.383094310760498,8
batch_53_4,12.249496936798096,8
batch_53_5,12.488128662109375,8
batch_53_6,11.876520872116089,8
batch_53_7,12.431549549102783,8
batch_53_8,13.309148788452148,8
batch_53_9,12.86939001083374,8
batch_53_10,12.397838592529297,8
batch_53_11,13.003085851669312,8
batch_53_12,11.880229711532593,8
batch_53_13,13.088462114334106,8
batch_53_14,12.55368447303772,8
batch_53_15,12.948298692703247,8
batch_53_16,13.253371000289917,8
batch_53_17,12.710564613342285,8
batch_53_18,12.040283203125,8
batch_53_19,12.841192722320557,8
batch_53_20,11.05465817451477,4
batch_54_0,12.4915030002594,8
batch_54_1,11.940491676330566,8
batch_54_2,12.44924259185791,8
batch_54_3,11.679386138916016,8
batch_54_4,12.800195932388306,8
batch_54_5,12.033832550048828,8
batch_54_6,12.475383996963501,8
batch_54_7,12.365243434906006,8
batch_54_8,11.496970415115356,8
batch_54_9,11.485237121582031,8
batch_54_10,11.030174970626831,8
batch_54_11,11.635648488998413,8
batch_54_12,10.531561613082886,8
batch_54_13,11.284497022628784,8
batch_54_14,11.60871410369873,8
batch_54_15,11.193375587463379,8
batch_54_16,12.789466142654419,8
batch_54_17,10.69197130203247,8
batch_54_18,10.673888206481934,8
batch_54_19,11.242009401321411,8
batch_54_20,10.223373889923096,4
batch_55_0,10.653658866882324,8
batch_55_1,10.523122310638428,8
batch_55_2,10.58331298828125,8
batch_55_3,10.369492053985596,8
batch_55_4,10.99933385848999,8
batch_55_5,10.542501211166382,8
batch_55_6,10.412772417068481,8
batch_55_7,10.454311609268188,8
batch_55_8,11.455364227294922,8
batch_55_9,11.453099489212036,8
batch_55_10,11.005237102508545,8
batch_55_11,11.615128993988037,8
batch_55_12,10.52116847038269,8
batch_55_13,11.283877849578857,8
batch_55_14,11.611164569854736,8
batch_55_15,11.174038410186768,8
batch_55_16,12.791656494140625,8
batch_55_17,10.749703168869019,8
batch_55_18,10.715435266494751,8
batch_55_19,11.18628716468811,8
batch_55_20,10.23601746559143,4
batch_56_0,10.408090591430664,8
batch_56_1,10.456861019134521,8
batch_56_2,10.525111198425293,8
batch_56_3,10.396367073059082,8
batch_56_4,11.022861957550049,8
batch_56_5,10.949467897415161,8
batch_56_6,11.694498300552368,8
batch_56_7,11.387517929077148,8
batch_56_8,12.377825736999512,8
batch_56_9,11.825680255889893,8
batch_56_10,11.999697923660278,8
batch_56_11,12.193864107131958,8
batch_56_12,11.438316345214844,8
batch_56_13,12.270029544830322,8
batch_56_14,11.912880659103394,8
batch_56_15,12.200105905532837,8
batch_56_16,12.870729923248291,8
batch_56_17,11.454914569854736,8
batch_56_18,11.986697912216187,8
batch_56_19,12.023838996887207,8
batch_56_20,11.60235071182251,4
batch_57_0,10.968441009521484,8
batch_57_1,11.802587985992432,8
batch_57_2,11.537864208221436,8
batch_57_3,11.766807794570923,8
batch_57_4,11.977975130081177,8
batch_57_5,11.83643102645874,8
batch_57_6,11.591832399368286,8
batch_57_7,11.691433906555176,8
batch_57_8,12.013732433319092,8
batch_57_9,12.386568784713745,8
batch_57_10,12.154572010040283,8
batch_57_11,12.375795125961304,8
batch_57_12,11.829178094863892,8
batch_57_13,11.872123956680298,8
batch_57_14,12.460741996765137,8
batch_57_15,12.323158502578735,8
batch_57_16,13.074244260787964,8
batch_57_17,11.97418475151062,8
batch_57_18,11.930047035217285,8
batch_57_19,12.04581332206726,8
batch_57_20,11.972730159759521,4
batch_58_0,11.736435174942017,8
batch_58_1,11.476601362228394,8
batch_58_2,11.537045240402222,8
batch_58_3,11.443989038467407,8
batch_58_4,11.68091082572937,8
batch_58_5,11.758031368255615,8
batch_58_6,11.203380584716797,8
batch_58_7,11.903099298477173,8
batch_58_8,11.8284912109375,8
batch_58_9,12.429184913635254,8
batch_58_10,11.711262464523315,8
batch_58_11,12.29946255683899,8
batch_58_12,11.682055950164795,8
batch_58_13,12.40395975112915,8
batch_58_14,12.465611457824707,8
batch_58_15,11.2990562915802,8
batch_58_16,13.164153575897217,8
batch_58_17,12.026097536087036,8
batch_58_18,11.947360515594482,8
batch_58_19,11.93366026878357,8
batch_58_20,11.605801343917847,4
batch_59_0,11.56783676147461,8
batch_59_1,12.239140272140503,8
batch_59_2,11.87638258934021,8
batch_59_3,11.158241033554077,8
batch_59_4,12.236455202102661,8
batch_59_5,11.540597438812256,8
batch_59_6,12.007628202438354,8
batch_59_7,11.203210353851318,8
batch_59_8,12.40738320350647,8
batch_59_9,12.529363870620728,8
batch_59_10,12.017377853393555,8
batch_59_11,12.750881671905518,8
batch_59_12,11.420393466949463,8
batch_59_13,12.32692289352417,8
batch_59_14,12.987294912338257,8
batch_59_15,12.254492998123169,8
batch_59_16,12.9296236038208,8
batch_59_17,12.002874851226807,8
batch_59_18,11.814701795578003,8
batch_59_19,12.154659271240234,8
batch_59_20,11.583927869796753,4
batch_60_0,11.027099132537842,8
batch_60_1,11.736802101135254,8
batch_60_2,11.715330839157104,8
batch_60_3,11.520960092544556,8
batch_60_4,11.926523923873901,8
batch_60_5,11.8578519821167,8
batch_60_6,11.879341840744019,8
batch_60_7,11.588342428207397,8
batch_60_8,12.388784408569336,8
batch_60_9,11.817233085632324,8
batch_60_10,12.363029956817627,8
batch_60_11,12.961113214492798,8
batch_60_12,11.884942770004272,8
batch_60_13,12.10139799118042,8
batch_60_14,12.435314416885376,8
batch_60_15,12.278018951416016,8
batch_60_16,13.086038827896118,8
batch_60_17,12.039384365081787,8
batch_60_18,11.877398014068604,8
batch_60_19,12.170748233795166,8
batch_60_20,11.43648099899292,4
batch_61_0,11.506051063537598,8
batch_61_1,11.749300479888916,8
batch_61_2,11.279837131500244,8
batch_61_3,11.882391929626465,8
batch_61_4,11.813821077346802,8
batch_61_5,11.527817487716675,8
batch_61_6,11.62584924697876,8
batch_61_7,12.112255573272705,8
batch_61_8,11.608313083648682,8
batch_61_9,11.526079177856445,8
batch_61_10,11.10040545463562,8
batch_61_11,11.617458820343018,8
batch_61_12,10.53878140449524,8
batch_61_13,11.264164686203003,8
batch_61_14,11.64315152168274,8
batch_61_15,11.271724224090576,8
batch_61_16,12.790401697158813,8
batch_61_17,10.68779444694519,8
batch_61_18,10.6550612449646,8
batch_61_19,11.199341535568237,8
batch_61_20,10.250826120376587,4
batch_62_0,10.419758796691895,8
batch_62_1,10.479655027389526,8
batch_62_2,10.714792251586914,8
batch_62_3,10.453409194946289,8
batch_62_4,11.096875667572021,8
batch_62_5,10.664266586303711,8
batch_62_6,10.511615991592407,8
batch_62_7,10.55429482460022,8
batch_62_8,11.484328269958496,8
batch_62_9,11.536534786224365,8
batch_62_10,11.098309516906738,8
batch_62_11,11.71940016746521,8
batch_62_12,10.800456523895264,8
batch_62_13,11.440563917160034,8
batch_62_14,11.795995950698853,8
batch_62_15,11.558126449584961,8
batch_62_16,12.849567413330078,8
batch_62_17,11.058460235595703,8
batch_62_18,11.058783292770386,8
batch_62_19,11.326573848724365,8
batch_62_20,12.155580520629883,4
batch_63_0,12.17024540901184,8
batch_63_1,12.311025142669678,8
batch_63_2,12.451371669769287,8
batch_63_3,12.045984983444214,8
batch_63_4,12.727701902389526,8
batch_63_5,12.413244485855103,8
batch_63_6,12.004642724990845,8
batch_63_7,12.83081579208374,8
batch_63_8,13.113831996917725,8
batch_63_9,13.302660942077637,8
batch_63_10,12.50059723854065,8
batch_63_11,13.208672761917114,8
batch_63_12,12.118488550186157,8
batch_63_13,12.858917951583862,8
batch_63_14,12.809677600860596,8
batch_63_15,12.679959297180176,8
batch_63_16,13.628453969955444,8
batch_63_17,12.917604923248291,8
batch_63_18,11.761397361755371,8
batch_63_19,12.999601364135742,8
batch_63_20,11.869986534118652,4
batch_64_0,12.289469003677368,8
batch_64_1,12.158318281173706,8
batch_64_2,12.472697257995605,8
batch_64_3,12.35718321800232,8
batch_64_4,12.370917797088623,8
batch_64_5,12.803577423095703,8
batch_64_6,11.931361198425293,8
batch_64_7,12.717843532562256,8
batch_64_8,12.568251132965088,8
batch_64_9,13.328122854232788,8
batch_64_10,12.502506971359253,8
batch_64_11,13.031714677810669,8
batch_64_12,12.196248054504395,8
batch_64_13,12.717251777648926,8
batch_64_14,13.273365259170532,8
batch_64_15,13.58221435546875,8
batch_64_16,13.125874996185303,8
batch_64_17,12.590816974639893,8
batch_64_18,12.581313133239746,8
batch_64_19,12.796099185943604,8
batch_64_20,12.225814819335938,4
batch_65_0,11.813241481781006,8
batch_65_1,12.65257453918457,8
batch_65_2,12.057605028152466,8
batch_65_3,12.648113489151001,8
batch_65_4,12.334106206893921,8
batch_65_5,13.309552431106567,8
batch_65_6,12.075803756713867,8
batch_65_7,12.578520059585571,8
batch_65_8,12.587312459945679,8
batch_65_9,13.055543661117554,8
batch_65_10,12.767464399337769,8
batch_65_11,12.931612014770508,8
batch_65_12,12.853943109512329,8
batch_65_13,13.867148160934448,8
batch_65_14,12.572093963623047,8
batch_65_15,12.948633670806885,8
batch_65_16,13.494886875152588,8
batch_65_17,12.242462873458862,8
batch_65_18,12.966198682785034,8
batch_65_19,12.605542421340942,8
batch_65_20,12.450969934463501,4
batch_66_0,11.903780937194824,8
batch_66_1,12.644599914550781,8
batch_66_2,12.21047568321228,8
batch_66_3,12.480016231536865,8
batch_66_4,12.705796003341675,8
batch_66_5,12.686519622802734,8
batch_66_6,12.543683052062988,8
batch_66_7,12.046234130859375,8
batch_66_8,13.321444749832153,8
batch_66_9,12.74312710762024,8
batch_66_10,13.082748413085938,8
batch_66_11,13.165611743927002,8
batch_66_12,12.702198028564453,8
batch_66_13,12.617870569229126,8
batch_66_14,13.442516803741455,8
batch_66_15,12.599178791046143,8
batch_66_16,13.745567798614502,8
batch_66_17,12.503864049911499,8
batch_66_18,12.637256860733032,8
batch_66_19,12.848661422729492,8
batch_66_20,11.923218965530396,4
batch_67_0,12.588713884353638,8
batch_67_1,11.951997995376587,8
batch_67_2,12.765374422073364,8
batch_67_3,11.977064847946167,8
batch_67_4,13.114332437515259,8
batch_67_5,11.975558519363403,8
batch_67_6,12.5444974899292,8
batch_67_7,12.055687427520752,8
batch_67_8,13.039987564086914,8
batch_67_9,12.783540725708008,8
batch_67_10,13.178009748458862,8
batch_67_11,12.742929697036743,8
batch_67_12,12.726469993591309,8
batch_67_13,12.658231258392334,8
batch_67_14,13.146294593811035,8
batch_67_15,13.547553539276123,8
batch_67_16,13.472343921661377,8
batch_67_17,12.962386131286621,8
batch_67_18,12.144659519195557,8
batch_67_19,13.213073492050171,8
batch_67_20,12.104960680007935,4
batch_68_0,12.413153648376465,8
batch_68_1,12.198769807815552,8
batch_68_2,12.474995374679565,8
batch_68_3,12.068758249282837,8
batch_68_4,12.546338558197021,8
batch_68_5,12.653226375579834,8
batch_68_6,12.924739837646484,8
batch_68_7,10.500244379043579,8
batch_68_8,11.451298236846924,8
batch_68_9,11.459513902664185,8
batch_68_10,11.030038356781006,8
batch_68_11,11.628482103347778,8
batch_68_12,10.584859609603882,8
batch_68_13,11.299556970596313,8
batch_68_14,11.628992319107056,8
batch_68_15,11.205668210983276,8
batch_68_16,12.790914535522461,8
batch_68_17,10.73077940940857,8
batch_68_18,10.720799446105957,8
batch_68_19,11.22902798652649,8
batch_68_20,10.250289678573608,4
batch_69_0,10.370957612991333,8
batch_69_1,10.464330196380615,8
batch_69_2,10.52342939376831,8
batch_69_3,10.390627384185791,8
batch_69_4,10.920299768447876,8
batch_69_5,10.533806085586548,8
batch_69_6,10.45000433921814,8
batch_69_7,10.480638027191162,8
batch_69_8,11.47553825378418,8
batch_69_9,11.475831031799316,8
batch_69_10,11.050683975219727,8
batch_69_11,11.616854667663574,8
batch_69_12,10.493380069732666,8
batch_69_13,11.273757934570312,8
batch_69_14,11.80519962310791,8
batch_69_15,11.344690322875977,8
batch_69_16,12.820887565612793,8
batch_69_17,11.911900043487549,8
batch_69_18,13.129757165908813,8
batch_69_19,12.799844026565552,8
batch_69_20,12.687994241714478,4
batch_70_0,12.19832181930542,8
batch_70_1,12.631318807601929,8
batch_70_2,12.500439882278442,8
batch_70_3,12.323874473571777,8
batch_70_4,13.079672574996948,8
batch_70_5,12.208666563034058,8
batch_70_6,12.976580142974854,8
batch_70_7,12.21278977394104,8
batch_70_8,13.46312928199768,8
batch_70_9,13.831583023071289,8
batch_70_10,13.812878131866455,8
batch_70_11,14.528318166732788,8
batch_70_12,12.228766202926636,8
batch_70_13,13.285976648330688,8
batch_70_14,13.143987655639648,8
batch_70_15,13.401524305343628,8
batch_70_16,13.380722999572754,8
batch_70_17,13.044302463531494,8
batch_70_18,12.524181604385376,8
batch_70_19,13.147464513778687,8
batch_70_20,12.173880338668823,4
batch_71_0,12.280736923217773,8
batch_71_1,12.761389017105103,8
batch_71_2,12.285007953643799,8
batch_71_3,12.925364255905151,8
batch_71_4,12.504190444946289,8
batch_71_5,12.839231967926025,8
batch_71_6,12.242518663406372,8
batch_71_7,12.657510757446289,8
batch_71_8,12.954411745071411,8
batch_71_9,12.902507066726685,8
batch_71_10,13.305546522140503,8
batch_71_11,13.775205135345459,8
batch_71_12,12.56024694442749,8
batch_71_13,12.859651327133179,8
batch_71_14,13.570829629898071,8
batch_71_15,12.700695753097534,8
batch_71_16,13.828797101974487,8
batch_71_17,12.469204187393188,8
batch_71_18,12.77531909942627,8
batch_71_19,13.10819673538208,8
batch_71_20,11.866484642028809,4
batch_72_0,13.034034729003906,8
batch_72_1,12.16739821434021,8
batch_72_2,12.896053552627563,8
batch_72_3,12.104782342910767,8
batch_72_4,13.009400367736816,8
batch_72_5,12.471080780029297,8
batch_72_6,12.920897006988525,8
batch_72_7,14.481723546981812,8
batch_72_8,13.483676671981812,8
batch_72_9,13.085930347442627,8
batch_72_10,12.62921929359436,8
batch_72_11,13.481942415237427,8
batch_72_12,12.170440196990967,8
batch_72_13,13.361536502838135,8
batch_72_14,13.476999044418335,8
batch_72_15,12.999983072280884,8
batch_72_16,13.79891061782837,8
batch_72_17,12.460222244262695,8
batch_72_18,13.057885646820068,8
batch_72_19,12.916555166244507,8
batch_72_20,13.695138454437256,4
batch_73_0,14.076236724853516,8
batch_73_1,12.233952045440674,8
batch_73_2,12.94716739654541,8
batch_73_3,12.089449882507324,8
batch_73_4,13.233845710754395,8
batch_73_5,12.209353685379028,8
batch_73_6,12.665976524353027,8
batch_73_7,12.154427289962769,8
batch_73_8,13.482259750366211,8
batch_73_9,12.807438373565674,8
batch_73_10,13.439178466796875,8
batch_73_11,13.014938116073608,8
batch_73_12,12.591813325881958,8
batch_73_13,13.332160711288452,8
batch_73_14,12.976110458374023,8
batch_73_15,13.334595680236816,8
batch_73_16,14.406696319580078,8
batch_73_17,12.873896837234497,8
batch_73_18,12.764803409576416,8
batch_73_19,12.796040058135986,8
batch_73_20,12.596580505371094,4
batch_74_0,13.59071159362793,8
batch_74_1,12.866244554519653,8
batch_74_2,12.39040231704712,8
batch_74_3,12.875506401062012,8
batch_74_4,12.607939004898071,8
batch_74_5,12.997974872589111,8
batch_74_6,12.168953895568848,8
batch_74_7,12.739381313323975,8
batch_74_8,12.951950788497925,8
batch_74_9,13.030385971069336,8
batch_74_10,13.312385082244873,8
batch_74_11,12.835180759429932,8
batch_74_12,13.062381744384766,8
batch_74_13,12.743664503097534,8
batch_74_14,13.328590631484985,8
batch_74_15,13.14147686958313,8
batch_74_16,13.559097528457642,8
batch_74_17,13.103604555130005,8
batch_74_18,12.563629865646362,8
batch_74_19,13.209276914596558,8
batch_74_20,12.01018500328064,4
batch_75_0,10.598074197769165,8
batch_75_1,10.64194631576538,8
batch_75_2,10.699505090713501,8
batch_75_3,10.657473802566528,8
batch_75_4,11.108854055404663,8
batch_75_5,10.717849969863892,8
batch_75_6,10.640307903289795,8
batch_75_7,10.680575370788574,8
batch_75_8,11.54317831993103,8
batch_75_9,11.629555463790894,8
batch_75_10,11.188563346862793,8
batch_75_11,11.722696304321289,8
batch_75_12,10.780334711074829,8
batch_75_13,11.42038893699646,8
batch_75_14,11.696576595306396,8
batch_75_15,11.465001106262207,8
batch_75_16,12.805581092834473,8
batch_75_17,10.923288345336914,8
batch_75_18,10.936198472976685,8
batch_75_19,11.365159749984741,8
batch_75_20,10.45154094696045,4
batch_76_0,10.55052137374878,8
batch_76_1,10.636107683181763,8
batch_76_2,10.698585033416748,8
batch_76_3,12.509216785430908,8
batch_76_4,11.1708345413208,8
batch_76_5,10.750432014465332,8
batch_76_6,10.654181003570557,8
batch_76_7,10.698078155517578,8
batch_76_8,11.59739637374878,8
batch_76_9,11.587398529052734,8
batch_76_10,11.252290487289429,8
batch_76_11,11.716531038284302,8
batch_76_12,10.766583442687988,8
batch_76_13,11.695343017578125,8
batch_76_14,11.720352172851562,8
batch_76_15,11.392286777496338,8
batch_76_16,12.796883821487427,8
batch_76_17,10.911129474639893,8
batch_76_18,10.915684700012207,8
batch_76_19,11.299933910369873,8
batch_76_20,10.458504438400269,4
batch_77_0,10.545778512954712,8
batch_77_1,10.65241026878357,8
batch_77_2,10.735365629196167,8
batch_77_3,10.599323987960815,8
batch_77_4,11.091079950332642,8
batch_77_5,10.764735460281372,8
batch_77_6,10.643718957901001,8
batch_77_7,10.890313148498535,8
batch_77_8,11.694000959396362,8
batch_77_9,11.611830711364746,8
batch_77_10,11.179815530776978,8
batch_77_11,11.720878839492798,8
batch_77_12,12.071228742599487,8
batch_77_13,11.40389895439148,8
batch_77_14,12.313823699951172,8
batch_77_15,12.286836862564087,8
batch_77_16,13.876949310302734,8
batch_77_17,11.871945858001709,8
batch_77_18,13.324531078338623,8
batch_77_19,13.016661167144775,8
batch_77_20,12.81658124923706,4
batch_78_0,10.65276837348938,8
batch_78_1,10.665370225906372,8
batch_78_2,10.747173070907593,8
batch_78_3,10.608988761901855,8
batch_78_4,11.112583637237549,8
batch_78_5,10.780591011047363,8
batch_78_6,10.652217864990234,8
batch_78_7,10.698319673538208,8
batch_78_8,11.604631185531616,8
batch_78_9,11.590374946594238,8
batch_78_10,11.213249444961548,8
batch_78_11,11.71403980255127,8
batch_78_12,10.728643655776978,8
batch_78_13,11.385560035705566,8
batch_78_14,11.687123775482178,8
batch_78_15,11.29421091079712,8
batch_78_16,12.793487071990967,8
batch_78_17,12.680072784423828,8
batch_78_18,10.835021734237671,8
batch_78_19,11.291004657745361,8
batch_78_20,10.346622228622437,4
batch_79_0,10.590310335159302,8
batch_79_1,10.654693841934204,8
batch_79_2,10.738658428192139,8
batch_79_3,10.621768951416016,8
batch_79_4,11.097225666046143,8
batch_79_5,10.69854187965393,8
batch_79_6,10.608532667160034,8
batch_79_7,10.653980016708374,8
batch_79_8,11.559460878372192,8
batch_79_9,11.558675050735474,8
batch_79_10,11.163369178771973,8
batch_79_11,11.696386575698853,8
batch_79_12,10.671592950820923,8
batch_79_13,11.401785850524902,8
batch_79_14,11.69837474822998,8
batch_79_15,11.314176559448242,8
batch_79_16,12.793741703033447,8
batch_79_17,10.873507738113403,8
batch_79_18,10.929941892623901,8
batch_79_19,11.327152729034424,8
batch_79_20,10.424277067184448,4
batch_80_0,10.658071041107178,8
batch_80_1,10.691021203994751,8
batch_80_2,10.8133704662323,8
batch_80_3,10.603476524353027,8
batch_80_4,11.136170625686646,8
batch_80_5,10.76079273223877,8
batch_80_6,10.644491195678711,8
batch_80_7,10.720026731491089,8
batch_80_8,11.5677170753479,8
batch_80_9,11.566980600357056,8
batch_80_10,11.195563793182373,8
batch_80_11,12.839281797409058,8
batch_80_12,12.35457968711853,8
batch_80_13,12.58800458908081,8
batch_80_14,12.649024724960327,8
batch_80_15,11.311185121536255,8
batch_80_16,12.79457688331604,8
batch_80_17,10.911534070968628,8
batch_80_18,10.96383547782898,8
batch_80_19,11.359286308288574,8
batch_80_20,10.440609216690063,4
batch_81_0,10.995581150054932,8
batch_81_1,11.024759531021118,8
batch_81_2,11.327159643173218,8
batch_81_3,10.903940200805664,8
batch_81_4,11.419212579727173,8
batch_81_5,11.487550020217896,8
batch_81_6,12.22357726097107,8
batch_81_7,10.757113456726074,8
batch_81_8,11.69193172454834,8
batch_81_9,11.990179777145386,8
batch_81_10,11.822654962539673,8
batch_81_11,12.896486759185791,8
batch_81_12,10.74728536605835,8
batch_81_13,11.430407524108887,8
batch_81_14,11.723286151885986,8
batch_81_15,13.21862530708313,8
batch_81_16,12.80208158493042,8
batch_81_17,10.90126347541809,8
batch_81_18,10.929245948791504,8
batch_81_19,11.378536701202393,8
batch_81_20,10.473982334136963,4
batch_82_0,10.62852168083191,8
batch_82_1,10.66056776046753,8
batch_82_2,10.878201007843018,8
batch_82_3,11.147448062896729,8
batch_82_4,11.10515546798706,8
batch_82_5,11.095441818237305,8
batch_82_6,10.657020330429077,8
batch_82_7,10.93757438659668,8
batch_82_8,11.57543683052063,8
batch_82_9,11.579700946807861,8
batch_82_10,11.195868253707886,8
batch_82_11,11.721549034118652,8
batch_82_12,10.743787288665771,8
batch_82_13,11.43097710609436,8
batch_82_14,11.702674388885498,8
batch_82_15,11.354763507843018,8
batch_82_16,12.803231000900269,8
batch_82_17,10.95326566696167,8
batch_82_18,10.884729862213135,8
batch_82_19,11.347312450408936,8
batch_82_20,10.403759956359863,4
batch_83_0,10.541261672973633,8
batch_83_1,10.66781210899353,8
batch_83_2,10.75429892539978,8
batch_83_3,10.614211082458496,8
batch_83_4,11.087985754013062,8
batch_83_5,10.699270009994507,8
batch_83_6,10.598292589187622,8
batch_83_7,10.624659061431885,8
batch_83_8,11.549566507339478,8
batch_83_9,11.549631357192993,8
batch_83_10,11.153768301010132,8
batch_83_11,12.008743047714233,8
batch_83_12,11.791896343231201,8
batch_83_13,12.520581722259521,8
batch_83_14,13.043285131454468,8
batch_83_15,12.111062288284302,8
batch_83_16,13.368309736251831,8
batch_83_17,12.938925743103027,8
batch_83_18,11.686511278152466,8
batch_83_19,12.45273733139038,8
batch_83_20,10.750867128372192,4
batch_84_0,11.203736305236816,8
batch_84_1,10.78678560256958,8
batch_84_2,11.125791788101196,8
batch_84_3,10.921444177627563,8
batch_84_4,11.06305742263794,8
batch_84_5,10.714950799942017,8
batch_84_6,10.60384202003479,8
batch_84_7,10.638619661331177,8
batch_84_8,11.54497241973877,8
batch_84_9,11.55859637260437,8
batch_84_10,11.194530963897705,8
batch_84_11,11.719171047210693,8
batch_84_12,10.724344968795776,8
batch_84_13,11.407288789749146,8
batch_84_14,11.706143856048584,8
batch_84_15,11.333755731582642,8
batch_84_16,12.795377254486084,8
batch_84_17,10.864407062530518,8
batch_84_18,10.856972694396973,8
batch_84_19,11.31298828125,8
batch_84_20,10.390236854553223,4
batch_85_0,10.541445255279541,8
batch_85_1,10.632264852523804,8
batch_85_2,10.713686227798462,8
batch_85_3,10.57197380065918,8
batch_85_4,11.090049505233765,8
batch_85_5,10.722686052322388,8
batch_85_6,10.651435852050781,8
batch_85_7,10.677022218704224,8
batch_85_8,11.588282346725464,8
batch_85_9,11.577657699584961,8
batch_85_10,11.183984518051147,8
batch_85_11,11.709821939468384,8
batch_85_12,10.706117391586304,8
batch_85_13,11.397640943527222,8
batch_85_14,11.699851274490356,8
batch_85_15,11.319857358932495,8
batch_85_16,12.805866718292236,8
batch_85_17,10.878336191177368,8
batch_85_18,10.846957921981812,8
batch_85_19,11.304245948791504,8
batch_85_20,10.40123963356018,4
batch_86_0,10.542652606964111,8
batch_86_1,10.631712675094604,8
batch_86_2,10.708624124526978,8
batch_86_3,10.571605682373047,8
batch_86_4,11.096402168273926,8
batch_86_5,10.746131181716919,8
batch_86_6,10.654245376586914,8
batch_86_7,10.668443441390991,8
batch_86_8,11.548826456069946,8
batch_86_9,11.557402610778809,8
batch_86_10,11.163244247436523,8
batch_86_11,11.721209287643433,8
batch_86_12,10.730931043624878,8
batch_86_13,11.445756673812866,8
batch_86_14,11.719216108322144,8
batch_86_15,11.32818341255188,8
batch_86_16,12.797117948532104,8
batch_86_17,10.91975474357605,8
batch_86_18,10.90776515007019,8
batch_86_19,11.337058067321777,8
batch_86_20,10.398082971572876,4
batch_87_0,10.580892086029053,8
batch_87_1,10.67029356956482,8
batch_87_2,10.760023832321167,8
batch_87_3,10.623000860214233,8
batch_87_4,11.105188131332397,8
batch_87_5,10.746768474578857,8
batch_87_6,10.636537790298462,8
batch_87_7,10.673624277114868,8
batch_87_8,11.564425230026245,8
batch_87_9,11.580030918121338,8
batch_87_10,11.199317932128906,8
batch_87_11,11.713102102279663,8
batch_87_12,10.731435298919678,8
batch_87_13,11.419155836105347,8
batch_87_14,11.708606719970703,8
batch_87_15,11.331087112426758,8
batch_87_16,12.799540281295776,8
batch_87_17,10.911959648132324,8
batch_87_18,10.896853923797607,8
batch_87_19,11.34270691871643,8
batch_87_20,10.436198949813843,4
batch_88_0,10.526923418045044,8
batch_88_1,10.627655744552612,8
batch_88_2,10.704199314117432,8
batch_88_3,10.566412687301636,8
batch_88_4,11.082642555236816,8
batch_88_5,10.721366167068481,8
batch_88_6,10.605754375457764,8
batch_88_7,10.64533805847168,8
batch_88_8,11.550905466079712,8
batch_88_9,11.560969591140747,8
batch_88_10,11.165201187133789,8
batch_88_11,11.705215692520142,8
batch_88_12,10.71669340133667,8
batch_88_13,11.425577640533447,8
batch_88_14,11.698630332946777,8
batch_88_15,11.314717054367065,8
batch_88_16,12.799052953720093,8
batch_88_17,11.277647018432617,8
batch_88_18,10.847656488418579,8
batch_88_19,11.314646482467651,8
batch_88_20,10.38252878189087,4
batch_89_0,10.537245988845825,8
batch_89_1,10.610653638839722,8
batch_89_2,11.556472063064575,8
batch_89_3,12.172725915908813,8
batch_89_4,11.906939506530762,8
batch_89_5,10.701177597045898,8
batch_89_6,10.578768491744995,8
batch_89_7,10.707885265350342,8
batch_89_8,11.54167914390564,8
batch_89_9,11.534327507019043,8
batch_89_10,12.711600303649902,8
batch_89_11,12.771627426147461,8
batch_89_12,10.709768533706665,8
batch_89_13,11.430224895477295,8
batch_89_14,11.698909759521484,8
batch_89_15,11.298195838928223,8
batch_89_16,12.794700860977173,8
batch_89_17,10.857882499694824,8
batch_89_18,10.89182162284851,8
batch_89_19,11.321915626525879,8
batch_89_20,10.405788898468018,4
batch_90_0,10.55320119857788,8
batch_90_1,10.700807094573975,8
batch_90_2,10.684163808822632,8
batch_90_3,10.54531455039978,8
batch_90_4,12.357410907745361,8
batch_90_5,11.10970139503479,8
batch_90_6,11.466266632080078,8
batch_90_7,11.244032621383667,8
batch_90_8,12.01701283454895,8
batch_90_9,12.545058965682983,8
batch_90_10,12.262917518615723,8
batch_90_11,13.330642223358154,8
batch_90_12,12.376967668533325,8
batch_90_13,11.450133085250854,8
batch_90_14,11.701288938522339,8
batch_90_15,11.308494329452515,8
batch_90_16,12.794450044631958,8
batch_90_17,10.915786266326904,8
batch_90_18,10.905100107192993,8
batch_90_19,11.34133768081665,8
batch_90_20,10.43183159828186,4
batch_91_0,10.589086055755615,8
batch_91_1,10.718829154968262,8
batch_91_2,10.7335786819458,8
batch_91_3,10.582339763641357,8
batch_91_4,11.082513809204102,8
batch_91_5,10.728318929672241,8
batch_91_6,10.624605894088745,8
batch_91_7,10.653557300567627,8
batch_91_8,11.568785190582275,8
batch_91_9,11.576110601425171,8
batch_91_10,11.154592752456665,8
batch_91_11,11.692331790924072,8
batch_91_12,10.733894109725952,8
batch_91_13,11.412972211837769,8
batch_91_14,11.668322086334229,8
batch_91_15,11.288305044174194,8
batch_91_16,12.790980339050293,8
batch_91_17,10.884163618087769,8
batch_91_18,10.823064088821411,8
batch_91_19,11.29308533668518,8
batch_91_20,10.371915817260742,4
batch_92_0,10.527996301651001,8
batch_92_1,10.620778799057007,8
batch_92_2,10.685273170471191,8
batch_92_3,10.539191961288452,8
batch_92_4,11.051147937774658,8
batch_92_5,10.682088851928711,8
batch_92_6,10.57922625541687,8
batch_92_7,10.613647699356079,8
batch_92_8,11.537708044052124,8
batch_92_9,11.550190925598145,8
batch_92_10,11.132818937301636,8
batch_92_11,11.723224878311157,8
batch_92_12,10.73342251777649,8
batch_92_13,11.413156986236572,8
batch_92_14,11.69096565246582,8
batch_92_15,11.297770261764526,8
batch_92_16,12.786545038223267,8
batch_92_17,10.868318557739258,8
batch_92_18,10.848013877868652,8
batch_92_19,11.296299695968628,8
batch_92_20,10.370343685150146,4
batch_93_0,10.500664949417114,8
batch_93_1,10.625155210494995,8
batch_93_2,10.74108600616455,8
batch_93_3,10.559883117675781,8
batch_93_4,11.063802480697632,8
batch_93_5,10.733838558197021,8
batch_93_6,10.605787992477417,8
batch_93_7,10.660858154296875,8
batch_93_8,11.548063278198242,8
batch_93_9,11.559070110321045,8
batch_93_10,11.149860143661499,8
batch_93_11,11.72110915184021,8
batch_93_12,10.711300373077393,8
batch_93_13,11.403925895690918,8
batch_93_14,11.70111083984375,8
batch_93_15,11.347156286239624,8
batch_93_16,12.79973030090332,8
batch_93_17,10.89674186706543,8
batch_93_18,10.899551391601562,8
batch_93_19,11.35384726524353,8
batch_93_20,10.443408489227295,4
batch_94_0,10.585092782974243,8
batch_94_1,10.615265369415283,8
batch_94_2,11.017161846160889,8
batch_94_3,10.67049264907837,8
batch_94_4,11.132950782775879,8
batch_94_5,10.774802923202515,8
batch_94_6,10.595921277999878,8
batch_94_7,11.813716173171997,8
batch_94_8,12.369653701782227,8
batch_94_9,13.103615999221802,8
batch_94_10,13.507267713546753,8
batch_94_11,13.747010231018066,8
batch_94_12,13.17151403427124,8
batch_94_13,13.61693787574768,8
batch_94_14,13.730737686157227,8
batch_94_15,13.175608396530151,8
batch_94_16,12.790299892425537,8
batch_94_17,10.943557500839233,8
batch_94_18,10.924229860305786,8
batch_94_19,11.340496063232422,8
batch_94_20,10.41672682762146,4
batch_95_0,10.602280855178833,8
batch_95_1,10.693875312805176,8
batch_95_2,10.764990329742432,8
batch_95_3,10.601725339889526,8
batch_95_4,11.103060007095337,8
batch_95_5,10.713451385498047,8
batch_95_6,10.649905681610107,8
batch_95_7,10.679780006408691,8
batch_95_8,11.57038426399231,8
batch_95_9,11.68181324005127,8
batch_95_10,11.593226194381714,8
batch_95_11,12.907744884490967,8
batch_95_12,10.666252851486206,8
batch_95_13,11.378214597702026,8
batch_95_14,11.687450647354126,8
batch_95_15,11.29031252861023,8
batch_95_16,12.78702163696289,8
batch_95_17,10.874971866607666,8
batch_95_18,10.91757321357727,8
batch_95_19,11.320375204086304,8
batch_95_20,10.401731014251709,4
batch_96_0,10.569485902786255,8
batch_96_1,10.671833515167236,8
batch_96_2,10.771249294281006,8
batch_96_3,10.607830286026001,8
batch_96_4,11.108895778656006,8
batch_96_5,10.765206336975098,8
batch_96_6,10.647372961044312,8
batch_96_7,10.691719055175781,8
batch_96_8,11.56242299079895,8
batch_96_9,11.574339628219604,8
batch_96_10,11.18626070022583,8
batch_96_11,11.717305660247803,8
batch_96_12,10.725725412368774,8
batch_96_13,11.41287612915039,8
batch_96_14,11.701202630996704,8
batch_96_15,11.32726001739502,8
batch_96_16,13.065894603729248,8
batch_96_17,13.317153692245483,8
batch_96_18,11.507392406463623,8
batch_96_19,11.62335991859436,8
batch_96_20,10.57702374458313,4
batch_97_0,10.58225679397583,8
batch_97_1,11.105030059814453,8
batch_97_2,10.767993927001953,8
batch_97_3,10.619923114776611,8
batch_97_4,11.112649917602539,8
batch_97_5,10.74589467048645,8
batch_97_6,10.636406183242798,8
batch_97_7,10.75386357307434,8
batch_97_8,11.55748724937439,8
batch_97_9,11.56011176109314,8
batch_97_10,11.199820518493652,8
batch_97_11,11.696635484695435,8
batch_97_12,10.882777452468872,8
batch_97_13,11.743642568588257,8
batch_97_14,11.703335762023926,8
batch_97_15,11.32884931564331,8
batch_97_16,13.274322271347046,8
batch_97_17,11.213661193847656,8
batch_97_18,11.458288192749023,8
batch_97_19,12.002891540527344,8
batch_97_20,11.555583238601685,4
batch_98_0,11.841325283050537,8
batch_98_1,10.807616233825684,8
batch_98_2,10.745797395706177,8
batch_98_3,10.63383150100708,8
batch_98_4,11.115517377853394,8
batch_98_5,10.759505033493042,8
batch_98_6,10.633531332015991,8
batch_98_7,10.643526792526245,8
batch_98_8,11.576502561569214,8
batch_98_9,11.620381832122803,8
batch_98_10,11.202284097671509,8
batch_98_11,11.71422791481018,8
batch_98_12,11.10818076133728,8
batch_98_13,11.480562925338745,8
batch_98_14,11.707602500915527,8
batch_98_15,11.342302322387695,8
batch_98_16,12.789845705032349,8
batch_98_17,10.962704181671143,8
batch_98_18,10.927333116531372,8
batch_98_19,11.354140758514404,8
batch_98_20,10.46514630317688,4
batch_99_0,10.688466310501099,8
batch_99_1,10.702646493911743,8
batch_99_2,10.798612594604492,8
batch_99_3,10.62333631515503,8
batch_99_4,11.151102304458618,8
batch_99_5,10.797449111938477,8
batch_99_6,10.748961925506592,8
batch_99_7,10.733253955841064,8
batch_99_8,11.58983826637268,8
batch_99_9,11.60796308517456,8
batch_99_10,11.24547004699707,8
batch_99_11,11.732156038284302,8
batch_99_12,10.776602268218994,8
batch_99_13,11.448044538497925,8
batch_99_14,11.736178874969482,8
batch_99_15,11.366069078445435,8
batch_99_16,12.794607639312744,8
batch_99_17,10.935314416885376,8
batch_99_18,10.941067457199097,8
batch_99_19,11.345024824142456,8
batch_99_20,10.45154857635498,4
